samples,key
UG.002.1386175.W,1
UG.002.1389054.K,1
X1397541.H,1
X1398694.R,1
X1398947.Z,1
X1386178.K,0
X1388339.Y,0
UG.002.1401280.P,0
UG.002.1402918.Z,0
UG.002.1403072.E,0